iter	AUC	CrossEntropy
0	0.7986227274	0.6834947807
1	0.7991401255	0.6743907862
2	0.79929322	0.6661036657
3	0.7999695539	0.658326072
4	0.8005082905	0.6506340724
5	0.8004996777	0.6436683778
6	0.8003114164	0.6370947274
7	0.8007652462	0.6308950562
8	0.8010954857	0.6250262613
9	0.8015301526	0.6194936033
10	0.8023541868	0.6142397069
11	0.8023599684	0.6092766424
12	0.8025577962	0.6045827565
13	0.8030003309	0.6001383124
14	0.8029591143	0.5959305057
15	0.8028362095	0.5919316478
16	0.8029000163	0.5881569491
17	0.803134948	0.5842411977
18	0.8032498062	0.5808616423
19	0.8037319779	0.5776442628
20	0.8036350012	0.5745820453
21	0.8036185801	0.5717003948
22	0.8037416339	0.568641358
23	0.8038084507	0.5660472365
24	0.8038847148	0.5633022754
25	0.8043957353	0.5609839385
26	0.8043014109	0.5587693013
27	0.804415375	0.556389919
28	0.8045042753	0.5544392
29	0.8045518696	0.5525146199
30	0.8046461344	0.5507461805
31	0.8047029376	0.5490020859
32	0.8048128784	0.5471098024
33	0.805021733	0.5455923136
34	0.8049524724	0.5440720112
35	0.8052223921	0.5426559385
36	0.8052982688	0.5413312503
37	0.8054011762	0.5400156557
38	0.8055243492	0.538596443
39	0.8055922985	0.5374574599
40	0.805876255	0.5361679635
41	0.8060156107	0.5350888432
42	0.8060394526	0.5341120768
43	0.8060327172	0.5331216496
44	0.8064403832	0.5322308442
45	0.806499809	0.5313303336
46	0.8066297174	0.5305150906
47	0.8068104386	0.5296957291
48	0.8071928322	0.5289498911
49	0.807292074	0.5281982218
50	0.807405144	0.5274872494
51	0.8075047731	0.5268383826
52	0.8075515926	0.5261888633
53	0.8077118099	0.5254791143
54	0.8078098893	0.5249273002
55	0.8080282509	0.5243590116
56	0.8081997633	0.523850545
57	0.808367312	0.5232598283
58	0.8084240258	0.5227023052
59	0.8084827363	0.522235922
60	0.8087616265	0.5218151291
61	0.808929801	0.5213228108
62	0.8092385828	0.5209101735
63	0.8094437122	0.5205525057
64	0.8095226884	0.5201724505
65	0.809666425	0.5198203693
66	0.809681356	0.5194367255
67	0.8097045124	0.5190759177
68	0.8098264933	0.5187969115
69	0.8100164533	0.5185017571
70	0.8100760877	0.5182447304
71	0.810066551	0.5179738392
72	0.8100917339	0.5177453167
73	0.8101793528	0.5175019508
74	0.8102564216	0.5172676786
75	0.8102829158	0.5170685982
76	0.8104662299	0.5168536141
77	0.8105250299	0.5166720277
78	0.8105670512	0.5164785747
79	0.8106171191	0.5163133811
80	0.8107349575	0.5161327326
81	0.8108634353	0.515975654
82	0.8109114468	0.51595135
83	0.8110533357	0.5157836282
84	0.8112183213	0.5156225533
85	0.8113431036	0.5154868426
86	0.8112026453	0.5154720808
87	0.8112906814	0.5153324553
88	0.811442256	0.5152022905
89	0.8115578294	0.515069312
90	0.8115793169	0.5149368635
91	0.8117284179	0.5148246004
92	0.8118084669	0.5147098906
93	0.8118375838	0.5146155293
94	0.8118216693	0.5145101578
95	0.8118987083	0.5144194665
96	0.8119187951	0.5143251459
97	0.8118596375	0.5143060208
98	0.8119513392	0.5142205084
99	0.8119688332	0.5141343027
100	0.8119945824	0.5141196632
101	0.8120416999	0.5141020062
102	0.8120296896	0.5140866327
103	0.812075913	0.5140710553
104	0.8120449483	0.5140626142
105	0.812088728	0.5139798747
106	0.8120827079	0.5139078192
107	0.8121342659	0.5138926088
108	0.812104851	0.5138166793
109	0.8121726513	0.5137395265
110	0.8122436404	0.5136782364
111	0.8121842742	0.5136698769
112	0.8122050762	0.5136577249
113	0.8122142851	0.5136448389
114	0.8122559786	0.5135766981
115	0.8123016953	0.5135210763
116	0.8123035431	0.5135068446
117	0.8123690486	0.5134374804
118	0.8123880923	0.5133689726
119	0.8124539852	0.5133178364
120	0.8125049174	0.513258096
121	0.812543422	0.5132108745
122	0.8125565648	0.5131950933
123	0.8126270473	0.5131811063
124	0.8126835823	0.5131694844
125	0.8127708435	0.5131096216
126	0.8127551973	0.5130937588
127	0.8127367795	0.5130825855
128	0.8127568364	0.5130699442
129	0.8127898872	0.5130137107
130	0.8128898144	0.5129993975
131	0.8128649294	0.5129820666
132	0.8129020929	0.5129366394
133	0.8129737675	0.5129219184
134	0.812977165	0.5129049545
135	0.8130428195	0.5128915792
136	0.8130216002	0.5128773068
137	0.8129865527	0.512861607
138	0.8130165935	0.5128149157
139	0.813080281	0.5128065969
140	0.8131790459	0.512790571
141	0.8132120073	0.5127496702
142	0.813264519	0.5127101966
143	0.8132645488	0.5126696221
144	0.8133130968	0.5126347157
145	0.8133495152	0.5125956092
146	0.8134449124	0.5125810105
147	0.8134192526	0.5125687769
148	0.8134617507	0.5125282432
149	0.8134781122	0.5125018595
150	0.8135538399	0.5124877909
151	0.8135983348	0.5124702154
152	0.8136232197	0.5124544749
153	0.8136674464	0.5124430977
154	0.8136982322	0.5124285806
155	0.8137202263	0.5124004435
156	0.8137767017	0.5123661896
157	0.8138044775	0.5123586456
158	0.8138376772	0.5123265529
159	0.8138137162	0.5123086512
160	0.813817054	0.512301311
161	0.8138435781	0.5122921767
162	0.8138171732	0.5122746012
163	0.813831687	0.5122581267
164	0.8138694763	0.5122476874
165	0.8138739765	0.5122268904
166	0.8139126003	0.5122118431
167	0.8139586449	0.5121863158
168	0.8139606714	0.5121520211
169	0.814011395	0.5121364845
170	0.8140312135	0.5121083066
171	0.8140641451	0.5120835949
172	0.8141196966	0.5120709128
173	0.8141398728	0.5120603511
174	0.8141712248	0.5120339267
175	0.8141286969	0.5120195727
176	0.814132452	0.5120097043
177	0.8141480982	0.5119992242
178	0.8141832948	0.5119885811
179	0.8142181039	0.5119777748
180	0.8142726123	0.5119660713
181	0.814303726	0.5119571001
182	0.8144263327	0.5119251298
183	0.8144788444	0.5119063309
184	0.8144820929	0.5118955654
185	0.8144694269	0.5118856562
186	0.8145051003	0.5118608221
187	0.8145506382	0.5118489148
188	0.8145728409	0.5118368444
189	0.8145671785	0.5118165367
190	0.814591229	0.5117975748
191	0.814627707	0.5117752282
192	0.8146584332	0.5117644219
193	0.8146712482	0.5117503941
194	0.8146971464	0.511740648
195	0.8147163093	0.5117258455
196	0.8147389591	0.5117045591
197	0.8147622049	0.511694446
198	0.8147981763	0.5116869428
199	0.8147817254	0.5116742607
200	0.8148039579	0.5116595805
201	0.8148345649	0.5116491412
202	0.8148644269	0.5116380902
203	0.814889729	0.5116269985
204	0.8149184585	0.5116131338
205	0.8149292767	0.51160298
206	0.8149555326	0.5115816936
207	0.8149708509	0.5115712135
208	0.8150018156	0.511562487
209	0.8150013983	0.5115481329
210	0.815009743	0.5115389578
211	0.8150475621	0.5115303535
212	0.8150956035	0.511519588
213	0.8151291907	0.5115106575
214	0.8151497543	0.5115016455
215	0.8151707053	0.5114801145
216	0.8151933849	0.5114688188
217	0.8152273893	0.511458298
218	0.8152380288	0.5114492044
219	0.8152728677	0.5114276326
220	0.8152986467	0.5114197623
221	0.8153184354	0.5114074065
222	0.8153491914	0.5113958254
223	0.815376699	0.5113791062
224	0.8154104352	0.5113612045
225	0.8154399097	0.5113388987
226	0.8154406846	0.511328337
227	0.8154827952	0.5113117402
228	0.8155059814	0.5113031767
229	0.8154982924	0.5112927375
230	0.8155371845	0.5112745503
231	0.815546602	0.5112676179
232	0.815584451	0.5112596253
233	0.8155903816	0.511249757
234	0.815610528	0.511243314
235	0.8156106472	0.5112357292
236	0.8156440556	0.5112238219
237	0.8156730831	0.5112173789
238	0.8156943917	0.5112073881
239	0.8156768084	0.5111929118
240	0.8156685829	0.5111797811
241	0.8156867623	0.5111730527
242	0.8157050014	0.5111631435
243	0.815688014	0.5111484225
244	0.8157124519	0.5111390434
245	0.8157515824	0.5111300314
246	0.8157633543	0.5111225282
247	0.8157714903	0.5111067877
248	0.8157765269	0.511096797
249	0.8157810867	0.5110856237
250	0.8157532215	0.5110682928
251	0.8157491684	0.5110572011
252	0.815776825	0.5110486376
253	0.8158101141	0.5110400334
254	0.8158286512	0.5110243336
255	0.8158328533	0.5110145468
256	0.8158706725	0.5110052086
257	0.8158953488	0.5109966451
258	0.8159127533	0.5109901613
259	0.8159096241	0.5109820056
260	0.8159106374	0.5109729936
261	0.8159390986	0.5109657758
262	0.8159459233	0.5109541131
263	0.8159359992	0.5109419204
264	0.8159487247	0.5109319297
265	0.8159661889	0.5109225914
266	0.8159954548	0.5109139056
267	0.8159950376	0.5108954737
268	0.8160211742	0.5108859723
269	0.8160338104	0.5108760632
270	0.8160298467	0.5108643598
271	0.8160586655	0.5108560002
272	0.8160616159	0.5108456017
273	0.8161160946	0.5108353255
274	0.8161380887	0.5108269251
275	0.8161565065	0.5108157926
276	0.8161727488	0.5108092681
277	0.8162121773	0.5107989103
278	0.8162136078	0.5107872477
279	0.8161916137	0.5107770123
280	0.8162212074	0.5107708955
281	0.816221267	0.5107580911
282	0.8162330389	0.5107501801
283	0.8162562251	0.5107434109
284	0.8162485659	0.5107330939
285	0.8162558377	0.5107196778
286	0.8162732124	0.5107090754
287	0.816293031	0.5107008789
288	0.8163178563	0.5106906435
289	0.8163350821	0.5106818762
290	0.8163509667	0.5106750254
291	0.8163844347	0.510665891
292	0.816400975	0.5106590402
293	0.8164148927	0.5106483563
294	0.8164439797	0.5106398336
295	0.8164720833	0.5106246232
296	0.8164768219	0.5106142655
297	0.816490382	0.5105997891
298	0.8165098131	0.5105847011
299	0.8165398836	0.5105769124
300	0.816531539	0.5105683897
301	0.816555202	0.5105621914
302	0.8165723085	0.5105530162
303	0.8165698349	0.5105456353
304	0.8165872395	0.5105341358
305	0.816601187	0.5105245529
306	0.8166163564	0.5105150515
307	0.8166105449	0.510509261
308	0.8166160583	0.5104986993
309	0.8166334033	0.5104916854
310	0.816639781	0.5104766382
311	0.8166568875	0.5104703991
312	0.8166624308	0.5104615094
313	0.8166387081	0.5104507846
314	0.816654712	0.5104434037
315	0.8166565299	0.5104365122
316	0.8166786432	0.5104260321
317	0.816693902	0.5104112295
318	0.8167096674	0.5104018913
319	0.8167208433	0.5103926346
320	0.8167307377	0.5103812574
321	0.8167466819	0.5103689423
322	0.8167225718	0.51035887
323	0.8167314529	0.5103485938
324	0.8167468607	0.510338807
325	0.8167454004	0.5103295503
326	0.8167627752	0.5103217616
327	0.8168053925	0.5103054502
328	0.816827625	0.5102966421
329	0.8168432117	0.5102857542
330	0.8168658018	0.5102753965
331	0.816889286	0.5102653242
332	0.8169031143	0.5102587589
333	0.8169238567	0.510250277
334	0.816942513	0.5102390629
335	0.8169500232	0.5102298062
336	0.816950202	0.510220998
337	0.8169443607	0.5102117005
338	0.8169570863	0.5102030147
339	0.8169762194	0.510197999
340	0.8169943988	0.5101882937
341	0.8170102835	0.5101812798
342	0.8170272708	0.5101716153
343	0.8170495629	0.5101648869
344	0.8170783818	0.5101535505
345	0.8170819283	0.5101462103
346	0.8170909286	0.5101340991
347	0.8170995712	0.5101220695
348	0.8171147704	0.510113873
349	0.8171333075	0.5101056358
350	0.8171465397	0.5100999676
351	0.8171821535	0.5100901807
352	0.8171877265	0.5100814949
353	0.8171995878	0.5100714634
354	0.8172166944	0.5100619621
355	0.8172245622	0.5100570279
356	0.8172347546	0.5100485459
357	0.8172537684	0.5100431224
358	0.8172749281	0.5100313374
359	0.8172993958	0.5100208166
360	0.8173139691	0.5100133541
361	0.8173117638	0.5100065033
362	0.8173300326	0.509999938
363	0.8173340261	0.5099919047
364	0.8173381984	0.5099868074
365	0.8173584342	0.5099774283
366	0.8173665702	0.5099693134
367	0.8173792362	0.5099605868
368	0.8174016476	0.5099518602
369	0.8174192607	0.5099423588
370	0.8174293041	0.5099344478
371	0.8174416423	0.5099258843
372	0.8174595833	0.5099183403
373	0.8174817562	0.5099135285
374	0.8174711466	0.5099039455
375	0.8174967766	0.5098967685
376	0.8175037205	0.5098899585
377	0.8175082207	0.5098833524
378	0.8175248206	0.5098730762
379	0.8175413609	0.5098589669
380	0.8175544441	0.5098507704
381	0.8175747097	0.5098445313
382	0.817592144	0.5098378844
383	0.8176062107	0.5098328687
384	0.8176233172	0.5098252431
385	0.8176599145	0.5098166389
386	0.8176597953	0.5098088909
387	0.817683965	0.509800776
388	0.8176828623	0.5097904591
389	0.8176832199	0.5097838937
390	0.81769678	0.509776676
391	0.8177059889	0.5097725166
392	0.8176998496	0.5097649725
393	0.8177116513	0.5097571023
394	0.8177062273	0.5097491505
395	0.8177228272	0.5097397715
396	0.8177440464	0.5097327576
397	0.8177403808	0.5097276603
398	0.8177564144	0.5097184443
399	0.8177813292	0.5097060477
400	0.8178015649	0.5096987891
401	0.817810297	0.5096906742
402	0.8178152144	0.5096853322
403	0.8178164065	0.5096788484
404	0.8178337216	0.509672854
405	0.8178335428	0.5096655954
406	0.817856282	0.5096560125
407	0.8178687692	0.5096487947
408	0.8178754747	0.5096429226
409	0.8178875446	0.5096374583
410	0.8179002702	0.5096304852
411	0.8179133534	0.5096231451
412	0.8179341853	0.5096162127
413	0.8179381192	0.5096127873
414	0.8179626763	0.5096045501
415	0.8179687262	0.5095959866
416	0.8179789484	0.5095905223
417	0.8179860413	0.5095801646
418	0.817997992	0.5095728652
419	0.8180122674	0.5095666669
420	0.8180262148	0.5095575733
421	0.8180238008	0.5095522721
422	0.8180446327	0.5095413843
423	0.8180608153	0.5095344519
424	0.8180724084	0.5095252768
425	0.8180790544	0.5095170803
426	0.818079561	0.5095110043
427	0.8180860877	0.5095032156
428	0.8181000054	0.5094949784
429	0.8181075454	0.5094869042
430	0.8181200027	0.5094787486
431	0.8181381226	0.509470022
432	0.8181607127	0.509461173
433	0.8181650937	0.5094541184
434	0.818169117	0.5094463705
435	0.8181792498	0.5094396828
436	0.8181978464	0.5094305892
437	0.8182037175	0.5094242278
438	0.8182148635	0.5094163167
439	0.8182245493	0.5094079571
440	0.8182416558	0.5094004539
441	0.8182533383	0.5093928283
442	0.8182570338	0.5093821036
443	0.8182784319	0.5093714604
444	0.8182932436	0.5093624484
445	0.8183039129	0.5093548228
446	0.8183228672	0.5093454438
447	0.818328321	0.5093393678
448	0.8183386922	0.5093312936
449	0.8183504343	0.5093265226
450	0.8183461428	0.509317062
451	0.8183440566	0.5093073567
452	0.8183583021	0.5092993641
453	0.8183725178	0.5092886802
454	0.8183745146	0.5092823187
455	0.8183790743	0.5092735921
456	0.8183888197	0.5092661705
457	0.8183977008	0.5092567914
458	0.8184095323	0.5092496552
459	0.8184469044	0.5092399499
460	0.8184548318	0.5092325282
461	0.8184717	0.5092245356
462	0.8184860349	0.5092174402
463	0.8185170591	0.5092073271
464	0.8185285926	0.5091994161
465	0.818533361	0.5091943188
466	0.8185532987	0.5091868971
467	0.8185735345	0.5091799648
468	0.8185757697	0.5091723392
469	0.8185890913	0.5091633272
470	0.8185871542	0.5091564356
471	0.8185983002	0.5091494217
472	0.8186093867	0.5091411437
473	0.818631351	0.5091302966
474	0.8186537623	0.5091221002
475	0.8186664879	0.5091112531
476	0.8186727762	0.5091049324
477	0.818677783	0.5091011808
478	0.8187127709	0.5090859297
479	0.8187142611	0.5090775293
480	0.8187230527	0.5090716572
481	0.8187332153	0.5090600354
482	0.8187295198	0.5090512272
483	0.8187478185	0.509038382
484	0.818769455	0.5090305933
485	0.8187839985	0.5090230901
486	0.8187827468	0.5090162393
487	0.8187856078	0.5090073496
488	0.8187888861	0.5089981744
489	0.8187968135	0.5089888362
490	0.8188107312	0.5089796202
491	0.8188406527	0.5089707713
492	0.8188314438	0.5089616369
493	0.8188549876	0.5089500966
494	0.8188709617	0.5089418594
495	0.8188841641	0.5089326842
496	0.8188920021	0.5089225304
497	0.8188864589	0.5089151087
498	0.8189113736	0.5089020596
499	0.818921268	0.5088923136
500	0.8189361393	0.5088861152
501	0.8189291656	0.5088761245
502	0.818931371	0.5088689883
503	0.8189418316	0.5088634016
504	0.8189404011	0.5088537779
505	0.8189517856	0.5088472534
506	0.8189629316	0.5088348159
507	0.8189610243	0.5088259262
508	0.8189356327	0.5088171589
509	0.8189731836	0.5088063933
510	0.8190196455	0.5087896334
511	0.819028914	0.5087798466
512	0.8190438449	0.5087706306
513	0.819056958	0.5087602321
514	0.8190543652	0.5087519133
515	0.8190585673	0.5087440839
516	0.8190793097	0.5087343378
517	0.8190852702	0.5087229198
518	0.8190885186	0.5087142748
519	0.8190909624	0.50870669
520	0.8190845251	0.5086989013
521	0.8191120625	0.5086840172
522	0.8191273808	0.5086738226
523	0.8191303015	0.5086667679
524	0.8191500902	0.5086570626
525	0.819182694	0.5086449107
526	0.8191955984	0.5086345121
527	0.8191938102	0.5086254593
528	0.8192130625	0.50861135
529	0.8192273974	0.5086000136
530	0.8192566037	0.5085864751
531	0.8192905188	0.5085737115
532	0.8193038404	0.5085620896
533	0.8193156719	0.5085540562
534	0.8193243444	0.5085458598
535	0.8193328977	0.5085360322
536	0.819335252	0.5085264492
537	0.8193314672	0.5085186198
538	0.8193357289	0.5085068348
539	0.819349587	0.5084912574
540	0.8193639517	0.5084815114
541	0.8193709254	0.5084718061
542	0.819386363	0.5084588386
543	0.8193871975	0.5084512538
544	0.8194183409	0.5084366143
545	0.8194614053	0.5084221379
546	0.8194693029	0.5084145531
547	0.8194690943	0.5084051333
548	0.819470197	0.5083943678
549	0.8194807172	0.508384214
550	0.8194698095	0.5083749573
551	0.8194885552	0.5083627645
552	0.8195025623	0.5083541603
553	0.8195036352	0.5083451074
554	0.8195133805	0.5083360546
555	0.8195154667	0.5083252075
556	0.8195269406	0.5083153799
557	0.8195497394	0.5083029425
558	0.819547087	0.508293278
559	0.819545418	0.5082840213
560	0.8195483387	0.5082742345
561	0.8195871711	0.5082579639
562	0.8196212649	0.5082414486
563	0.8196484149	0.5082277878
564	0.8196592927	0.5082181233
565	0.8196685612	0.5082076433
566	0.8196926117	0.5081930038
567	0.8197008371	0.5081816266
568	0.8197195232	0.5081728592
569	0.8197343051	0.5081619306
570	0.8197562397	0.5081530817
571	0.8197589517	0.5081434987
572	0.8197801113	0.5081330187
573	0.8197940588	0.5081244552
574	0.8197931647	0.5081124663
575	0.8198095858	0.5081025979
576	0.819809854	0.5080923626
577	0.8198131323	0.5080826165
578	0.8198299408	0.5080692412
579	0.8198279738	0.5080577824
580	0.8198377192	0.5080470169
581	0.8198546171	0.5080370262
582	0.8198663294	0.5080256898
583	0.8198816478	0.5080127222
584	0.8199051619	0.5080021198
585	0.8199191689	0.5079903756
586	0.8199274242	0.5079814044
587	0.8199474216	0.507968029
588	0.8199511468	0.5079552246
589	0.8199582994	0.5079444999
590	0.8199737072	0.5079329596
591	0.8199843466	0.5079225611
592	0.8199842572	0.5079119179
593	0.8199872375	0.507903069
594	0.8199979961	0.5078947501
595	0.8200071752	0.5078849225
596	0.8200151324	0.5078748095
597	0.8200297952	0.5078618419
598	0.8200384378	0.5078496084
599	0.8200321794	0.5078407187
600	0.8200245202	0.5078321552
601	0.8200334311	0.5078214305
602	0.8200480938	0.5078101756
603	0.820052743	0.5078016937
604	0.8200547695	0.5077917845
605	0.8200701773	0.5077808967
606	0.8200830817	0.5077689078
607	0.8201021552	0.5077574491
608	0.8201109171	0.5077486002
609	0.8201324344	0.5077384871
610	0.8201470375	0.5077280886
611	0.8201634884	0.5077158551
612	0.8201835752	0.5077050488
613	0.8201854527	0.5076952212
614	0.820202291	0.5076848634
615	0.8202123046	0.5076729153
616	0.8202321529	0.5076650859
617	0.8202392161	0.5076568894
618	0.8202501535	0.5076475919
619	0.8202748895	0.5076337272
620	0.8202835321	0.5076245929
621	0.8203014135	0.5076131749
622	0.8203109503	0.5076005336
623	0.8203191161	0.5075909099
624	0.8203254938	0.5075825095
625	0.820338428	0.5075699497
626	0.8203481734	0.5075604484
627	0.8203634024	0.5075510285
628	0.8203671575	0.5075434437
629	0.8203779459	0.5075329229
630	0.8203766942	0.5075242779
631	0.8203917444	0.5075131453
632	0.820402354	0.5075034401
633	0.8204075396	0.507494061
634	0.8204189241	0.5074849267
635	0.8204250038	0.5074758738
636	0.8204415143	0.5074681667
637	0.820445925	0.5074578498
638	0.8204495311	0.5074478183
639	0.8204629719	0.5074397849
640	0.8204609454	0.5074324448
641	0.820464164	0.507424126
642	0.8204732239	0.5074147469
643	0.8204881549	0.5074039814
644	0.8205012977	0.5073942354
645	0.8205119669	0.5073826135
646	0.8205261827	0.5073713586
647	0.8205356002	0.5073625913
648	0.8205399811	0.5073506432
649	0.8205554187	0.507339266
650	0.8205618858	0.5073310695
651	0.8205613494	0.507323811
652	0.8205677271	0.5073150436
653	0.8205790818	0.50730595
654	0.8205961585	0.5072961632
655	0.8206170797	0.5072842966
656	0.8206272125	0.5072762633
657	0.8206418753	0.5072673328
658	0.8206555545	0.5072580353
659	0.8206748366	0.5072488602
660	0.8206845522	0.5072401743
661	0.8206916153	0.5072309992
662	0.8207010627	0.5072192958
663	0.8207131922	0.5072091012
664	0.8207247257	0.5072022912
665	0.8207404315	0.5071925451
666	0.8207460046	0.507183003
667	0.8207586706	0.5071730938
668	0.820769757	0.5071650604
669	0.8207776845	0.5071557629
670	0.8207829595	0.5071477704
671	0.8207994103	0.5071365155
672	0.8208112419	0.5071270549
673	0.8208223283	0.50711894
674	0.82083565	0.507109928
675	0.8208522499	0.5070983061
676	0.8208633661	0.507087826
677	0.8208744526	0.5070806082
678	0.8208855391	0.5070697204
679	0.8208978176	0.5070606268
680	0.8209163249	0.507050106
681	0.820917666	0.5070411347
682	0.8209242821	0.5070330606
683	0.8209360838	0.5070244971
684	0.8209409714	0.5070146695
685	0.8209536076	0.5070067177
686	0.820959419	0.5069970532
687	0.8209761381	0.5069871032
688	0.8209885657	0.5069789068
689	0.8210013211	0.5069698947
690	0.8210143447	0.5069620653
691	0.8210242391	0.5069537465
692	0.8210324049	0.5069464471
693	0.8210350871	0.5069371904
694	0.8210434914	0.5069299726
695	0.8210549653	0.5069219393
696	0.8210688233	0.5069131719
697	0.8210728168	0.5069055871
698	0.8210867643	0.5068970236
699	0.8210975528	0.5068889903
700	0.8211147189	0.5068787141
701	0.8211134374	0.5068714963
702	0.8211095631	0.5068636669
703	0.8211194873	0.5068556335
704	0.8211351037	0.5068469069
705	0.8211457729	0.5068376094
706	0.8211551905	0.5068300654
707	0.8211625218	0.5068213388
708	0.8211675882	0.5068121637
709	0.8211880922	0.5068033147
710	0.8211971521	0.5067959338
711	0.8212128878	0.5067858616
712	0.8212183714	0.5067785622
713	0.8212313056	0.5067692239
714	0.821243912	0.5067613537
715	0.8212566674	0.5067540136
716	0.8212662935	0.5067450423
717	0.821282804	0.5067362342
718	0.8213029802	0.5067266105
719	0.8213149905	0.5067207384
720	0.8213132322	0.5067137652
721	0.8213280141	0.506705528
722	0.821344465	0.506696883
723	0.8213529885	0.5066889719
724	0.8213504553	0.5066808978
725	0.8213576674	0.5066719265
726	0.8213719726	0.5066616504
727	0.8213842809	0.5066544326
728	0.8213950992	0.5066452982
729	0.821403712	0.5066372649
730	0.8214200139	0.5066287422
731	0.8214197457	0.5066214428
732	0.8214422464	0.5066112074
733	0.8214551806	0.5066032964
734	0.8214606941	0.5065955077
735	0.8214751482	0.5065846606
736	0.821485132	0.5065771574
737	0.8215013146	0.5065692056
738	0.8215096593	0.5065613354
739	0.8215279877	0.5065518748
740	0.8215386271	0.506542251
741	0.8215425611	0.5065356857
742	0.8215468526	0.5065292427
743	0.8215587139	0.5065208016
744	0.8215727806	0.5065114633
745	0.8215849698	0.5065042047
746	0.8216004074	0.5064958044
747	0.8216099739	0.5064892391
748	0.8216246963	0.5064807164
749	0.8216377795	0.5064737432
750	0.821652621	0.5064660769
751	0.8216661811	0.5064591853
752	0.8216820359	0.5064485829
753	0.8216946125	0.5064402641
754	0.82170555	0.5064305181
755	0.8217153549	0.5064243605
756	0.821728617	0.5064170204
757	0.8217374682	0.5064105774
758	0.8217516243	0.5064019324
759	0.8217656016	0.506394633
760	0.8217673302	0.5063866405
761	0.8217814863	0.506377343
762	0.8217884302	0.5063699213
763	0.8218064308	0.5063615617
764	0.8218228519	0.5063527128
765	0.8218320906	0.506345128
766	0.821844846	0.5063372577
767	0.821860522	0.5063273078
768	0.8218719959	0.5063191521
769	0.8218806684	0.5063119343
770	0.8218900263	0.5063037379
771	0.8219000101	0.506294318
772	0.8219152093	0.50628604
773	0.8219284117	0.5062792708
774	0.8219412863	0.5062716452
775	0.8219553232	0.5062643459
776	0.8219686747	0.5062576582
777	0.8219740689	0.5062518677
778	0.8219809532	0.5062422847
779	0.8219905198	0.5062361679
780	0.822011292	0.5062274414
781	0.8220264018	0.5062207537
782	0.8220387399	0.5062115785
783	0.8220441639	0.5062062366
784	0.8220579624	0.5061985294
785	0.8220663667	0.5061913524
786	0.8220809698	0.5061833598
787	0.8220907152	0.5061755304
788	0.8221055269	0.506166029
789	0.82211411	0.5061573432
790	0.8221203983	0.5061502477
791	0.8221322	0.5061438863
792	0.8221431077	0.5061366685
793	0.8221570849	0.5061297362
794	0.8221785426	0.5061200717
795	0.8221859038	0.5061124461
796	0.822198689	0.5061041681
797	0.8222136497	0.5060959716
798	0.8222266436	0.506088346
799	0.822237283	0.5060799865
800	0.8222471476	0.5060739512
801	0.8222613335	0.5060656324
802	0.8222669363	0.5060578845
803	0.8222813308	0.5060511969
804	0.8222954273	0.5060423479
805	0.8223085403	0.5060344777
806	0.8223173022	0.5060269745
807	0.8223303854	0.5060199606
808	0.8223446012	0.5060109893
809	0.8223590851	0.5060032006
810	0.8223699927	0.5059937808
811	0.8223774731	0.5059846464
812	0.822393775	0.5059765723
813	0.8224098682	0.5059675195
814	0.8224210143	0.5059594453
815	0.8224272132	0.5059527577
816	0.822437048	0.5059450098
817	0.822442174	0.5059390561
818	0.8224503994	0.5059336326
819	0.8224560618	0.505928576
820	0.8224714398	0.5059200941
821	0.822486937	0.5059132841
822	0.8224993348	0.5059056993
823	0.8225120008	0.5058984815
824	0.8225273192	0.5058897957
825	0.8225369453	0.5058803759
826	0.8225496113	0.505872261
827	0.822561264	0.5058642276
828	0.8225777745	0.5058553379
829	0.8225922287	0.5058480386
830	0.8225998282	0.505841514
831	0.8226164579	0.5058329098
832	0.8226273954	0.5058239793
833	0.822640121	0.5058175771
834	0.8226566613	0.5058077903
835	0.8226689994	0.5057997569
836	0.8226805031	0.505791642
837	0.8226861954	0.5057845873
838	0.8226972818	0.505779123
839	0.8227156997	0.505771579
840	0.8227263987	0.5057645243
841	0.8227353096	0.5057577959
842	0.8227416873	0.5057508227
843	0.8227555454	0.5057429933
844	0.8227645755	0.5057365911
845	0.822778821	0.5057292509
846	0.8227925301	0.5057225633
847	0.8228102326	0.5057144891
848	0.8228225708	0.5057083316
849	0.8228215575	0.5057015216
850	0.82282722	0.5056948747
851	0.8228414059	0.5056882278
852	0.8228455484	0.5056824781
853	0.8228615522	0.5056747301
854	0.8228804469	0.5056667376
855	0.8228912354	0.5056596829
856	0.8228977919	0.505653403
857	0.8229042888	0.5056489989
858	0.8229171038	0.5056421074
859	0.8229279518	0.5056346041
860	0.8229381144	0.5056269786
861	0.822945863	0.5056193938
862	0.8229601681	0.5056104225
863	0.8229652345	0.5056057738
864	0.8229812384	0.505598189
865	0.8229897618	0.5055918683
866	0.8230021298	0.5055848136
867	0.8230117857	0.5055765356
868	0.8230222464	0.5055696848
869	0.8230380118	0.5055624263
870	0.8230397999	0.505556595
871	0.8230573833	0.5055483985
872	0.8230666518	0.5055425264
873	0.8230748773	0.5055353086
874	0.8230825365	0.5055298035
875	0.8230957687	0.5055225449
876	0.8231131136	0.5055147563
877	0.8231256604	0.5055048063
878	0.8231288195	0.5054997498
879	0.82313779	0.5054919611
880	0.8231512308	0.505484988
881	0.8231611252	0.5054773216
882	0.8231715262	0.5054701446
883	0.8231832981	0.5054625598
884	0.8231933415	0.5054528546
885	0.8232025802	0.5054466155
886	0.8232143521	0.5054404579
887	0.8232319951	0.5054318944
888	0.8232358992	0.5054238611
889	0.8232492805	0.5054170103
890	0.8232601583	0.5054090585
891	0.8232657313	0.5054029417
892	0.8232826591	0.5053950307
893	0.8232988119	0.5053873236
894	0.823307991	0.5053818185
895	0.8233224154	0.5053741114
896	0.8233264089	0.5053672606
897	0.8233436942	0.5053576369
898	0.8233565688	0.5053486248
899	0.8233672976	0.5053418964
900	0.8233833909	0.5053336999
901	0.8233968616	0.5053257889
902	0.8234083652	0.5053186119
903	0.8234256208	0.5053100076
904	0.823440522	0.5053022189
905	0.8234497607	0.505294104
906	0.8234677911	0.5052862338
907	0.8234756887	0.5052801986
908	0.8234848082	0.5052747343
909	0.8235028386	0.5052651921
910	0.823510617	0.505258953
911	0.8235168159	0.5052525916
912	0.8235280812	0.5052465156
913	0.8235363662	0.5052390123
914	0.8235450685	0.505232447
915	0.8235592246	0.5052253108
916	0.823569268	0.5052187862
917	0.8235839605	0.5052114869
918	0.8235954642	0.5052044322
919	0.8236021101	0.5051973367
920	0.8236117661	0.5051898743
921	0.8236191869	0.5051810254
922	0.8236325383	0.5051742561
923	0.82364133	0.505167283
924	0.8236549795	0.5051618595
925	0.82366243	0.5051563952
926	0.823672682	0.5051497891
927	0.8236858249	0.5051425305
928	0.823693037	0.5051370254
929	0.8237019181	0.5051291959
930	0.8237181306	0.5051216519
931	0.8237276673	0.5051127622
932	0.8237456679	0.5051041172
933	0.8237605989	0.5050962469
934	0.8237698674	0.5050904156
935	0.8237766623	0.5050843396
936	0.8237861693	0.5050790792
937	0.8237975538	0.5050714129
938	0.8238076568	0.505065133
939	0.8238212168	0.5050570181
940	0.8238286972	0.505052247
941	0.8238398433	0.5050468235
942	0.8238465488	0.505040829
943	0.8238589764	0.5050339375
944	0.8238658905	0.5050274945
945	0.8238760531	0.5050213369
946	0.823892653	0.5050131812
947	0.82390517	0.5050077985
948	0.823913753	0.5050006215
949	0.8239230514	0.50499426
950	0.8239379227	0.5049869199
951	0.8239529729	0.5049778263
952	0.8239635229	0.5049717095
953	0.8239791393	0.5049639209
954	0.8239922523	0.5049563361
955	0.8240002692	0.5049481396
956	0.8240136802	0.5049407995
957	0.8240242302	0.5049341526
958	0.8240386248	0.5049263639
959	0.8240462542	0.5049196762
960	0.8240646124	0.5049096855
961	0.8240734339	0.5049037318
962	0.8240821064	0.5048963102
963	0.8240920901	0.5048910497
964	0.8241042495	0.5048847699
965	0.824114114	0.5048782861
966	0.8241233528	0.5048711091
967	0.8241329193	0.50486487
968	0.8241432011	0.5048590387
969	0.8241619468	0.5048502713
970	0.8241675794	0.5048437467
971	0.8241720796	0.5048360396
972	0.8241779208	0.5048313501
973	0.824193716	0.5048232352
974	0.8242059648	0.5048174854
975	0.8242204189	0.504810757
976	0.8242283463	0.5048032945
977	0.8242384493	0.5047981564
978	0.8242484629	0.504792162
979	0.8242653608	0.5047845772
980	0.824270308	0.5047784604
981	0.8242827356	0.5047719767
982	0.8242983222	0.5047638617
983	0.8243084252	0.5047579896
984	0.8243222833	0.5047507311
985	0.8243332505	0.5047451852
986	0.8243455291	0.504737682
987	0.8243576288	0.5047310351
988	0.8243691623	0.5047243066
989	0.8243778944	0.5047177821
990	0.8243868947	0.5047117469
991	0.8243975341	0.5047061194
992	0.8244093657	0.5047002473
993	0.8244176507	0.504693682
994	0.8244270682	0.5046869943
995	0.8244416118	0.5046803882
996	0.8244518042	0.5046746385
997	0.8244689405	0.5046655449
998	0.8244872093	0.5046567367
999	0.8244996369	0.504648581
1000	0.8245017827	0.5046423827
1001	0.8245168626	0.5046346756
1002	0.8245278299	0.5046287627
1003	0.8245373666	0.5046234615
1004	0.8245466053	0.5046172632
1005	0.8245588243	0.5046105755
1006	0.8245713711	0.5046028276
1007	0.8245920539	0.5045939379
1008	0.8246061802	0.504585823
1009	0.8246231079	0.5045782382
1010	0.8246347606	0.5045715913
1011	0.8246471286	0.5045640881
1012	0.8246592283	0.5045573596
1013	0.8246641755	0.5045524254
1014	0.8246754706	0.5045441066
1015	0.8246831596	0.5045387647
1016	0.8246943951	0.5045310983
1017	0.8247068226	0.5045235951
1018	0.8247193992	0.5045158064
1019	0.8247323334	0.5045084255
1020	0.8247405291	0.5045032874
1021	0.8247507215	0.5044974561
1022	0.8247601688	0.5044918694
1023	0.8247665465	0.5044873838
1024	0.8247771859	0.5044819195
1025	0.8247883916	0.504474824
1026	0.824795872	0.5044678509
1027	0.8248003721	0.5044625089
1028	0.8248113096	0.5044559436
1029	0.8248217106	0.5044493783
1030	0.8248329461	0.5044413857
1031	0.8248478174	0.5044345757
1032	0.8248614073	0.5044269909
1033	0.824870795	0.5044217713
1034	0.8248861432	0.5044138195
1035	0.8249026537	0.5044059084
1036	0.8249120414	0.5043997101
1037	0.824924022	0.5043933079
1038	0.8249388933	0.5043858047
1039	0.8249466717	0.5043788315
1040	0.8249568343	0.5043735303
1041	0.8249702156	0.5043667203
1042	0.824976027	0.5043597064
1043	0.8249907494	0.5043533858
1044	0.8250066638	0.5043456787
1045	0.8250158131	0.5043399289
1046	0.8250244856	0.5043334043
1047	0.8250342309	0.5043256972
1048	0.8250423074	0.5043193358
1049	0.8250513673	0.504312852
1050	0.8250663877	0.5043048186
1051	0.8250759542	0.5042987019
1052	0.8250908852	0.5042916472
1053	0.8250992	0.5042857751
1054	0.8251085281	0.5042796991
1055	0.8251216412	0.5042730114
1056	0.8251380026	0.5042658344
1057	0.8251430392	0.5042600031
1058	0.8251515031	0.5042544572
1059	0.8251607418	0.5042477696
1060	0.8251667321	0.5042421829
1061	0.8251782656	0.5042355768
1062	0.8251898289	0.5042285221
1063	0.8251983523	0.5042212636
1064	0.8252103031	0.5042156769
1065	0.8252215087	0.50420903
1066	0.8252368867	0.5042019754
1067	0.8252465725	0.5041964295
1068	0.8252595067	0.5041894972
1069	0.8252725005	0.5041825648
1070	0.825286746	0.5041754286
1071	0.8253005445	0.5041684963
1072	0.82531479	0.504160993
1073	0.8253246248	0.5041542646
1074	0.8253366351	0.5041469652
1075	0.8253437281	0.5041405222
1076	0.8253522217	0.5041338346
1077	0.8253634572	0.5041256789
1078	0.8253730536	0.5041195621
1079	0.8253833354	0.5041142609
1080	0.8253988028	0.5041068392
1081	0.8254132569	0.504099703
1082	0.8254259229	0.5040921998
1083	0.825442642	0.5040837586
1084	0.8254468441	0.5040777642
1085	0.8254587054	0.5040701794
1086	0.8254774809	0.5040616159
1087	0.8254859746	0.5040539496
1088	0.8254998624	0.504047425
1089	0.8255117238	0.5040413083
1090	0.8255194724	0.50403564
1091	0.8255245388	0.5040306243
1092	0.825538069	0.5040243852
1093	0.8255485296	0.5040174936
1094	0.8255637288	0.504007666
1095	0.8255729675	0.5040013046
1096	0.8255839348	0.50399478
1097	0.8255940676	0.5039881739
1098	0.8256046176	0.503980793
1099	0.825617969	0.5039733306
1100	0.8256289959	0.5039669283
1101	0.8256357908	0.5039617087
1102	0.8256477118	0.5039545725
1103	0.8256595135	0.5039472323
1104	0.8256649673	0.5039424205
1105	0.8256770968	0.5039353658
1106	0.8256881535	0.503928882
1107	0.8257023692	0.5039200331
1108	0.8257105947	0.5039153028
1109	0.8257230222	0.5039090229
1110	0.8257333934	0.5039004595
1111	0.8257445395	0.5038958923
1112	0.8257559538	0.5038895308
1113	0.8257703781	0.5038822723
1114	0.825781554	0.5038759516
1115	0.825792253	0.503868326
1116	0.8258057833	0.5038613529
1117	0.82581231	0.5038567857
1118	0.8258243203	0.5038513622
1119	0.8258339763	0.5038446338
1120	0.8258474767	0.5038372528
1121	0.8258606791	0.5038299943
1122	0.8258715868	0.5038235513
1123	0.8258775771	0.5038193919
1124	0.8258888721	0.5038137645
1125	0.8258967698	0.5038078516
1126	0.825902462	0.5038018164
1127	0.8259070516	0.5037971268
1128	0.82591784	0.5037914994
1129	0.825927794	0.5037842816
1130	0.825943768	0.5037774716
1131	0.8259559572	0.5037715995
1132	0.8259723783	0.5037637293
1133	0.8259852529	0.5037565931
1134	0.8259901702	0.5037497831
1135	0.8260036707	0.5037436663
1136	0.8260139823	0.5037372641
1137	0.8260343671	0.5037264986
1138	0.8260483444	0.5037198517
1139	0.8260619342	0.5037130009
1140	0.826071918	0.5037072511
1141	0.8260811269	0.5037008897
1142	0.8260913193	0.5036943651
1143	0.8261057734	0.5036876367
1144	0.8261157572	0.5036810714
1145	0.8261300921	0.5036747915
1146	0.8261415362	0.5036685931
1147	0.8261551559	0.5036623133
1148	0.8261621594	0.5036560334
1149	0.8261746168	0.5036492234
1150	0.8261833489	0.503643596
1151	0.826191783	0.5036382948
1152	0.8262038827	0.5036325858
1153	0.8262181878	0.5036258165
1154	0.8262239099	0.5036182318
1155	0.8262361586	0.5036116664
1156	0.8262506425	0.5036042447
1157	0.8262633681	0.5035973124
1158	0.8262764215	0.5035905024
1159	0.8262842298	0.5035844672
1160	0.8262947202	0.503579533
1161	0.826310575	0.503571622
1162	0.8263189793	0.5035669732
1163	0.8263334036	0.5035607341
1164	0.8263447881	0.5035538018
1165	0.8263590932	0.5035456461
1166	0.8263616562	0.5035399779
1167	0.8263757825	0.5035326786
1168	0.8263892531	0.5035254608
1169	0.8263975382	0.5035202003
1170	0.826407373	0.5035152254
1171	0.8264152408	0.5035105358
1172	0.8264299929	0.5035031549
1173	0.8264477849	0.5034934089
1174	0.8264605403	0.5034868028
1175	0.8264661431	0.5034816647
1176	0.8264745474	0.5034766897
1177	0.8264887631	0.5034694719
1178	0.8264995217	0.5034622134
1179	0.8265103102	0.503454914
1180	0.8265217543	0.5034479409
1181	0.8265323043	0.5034415795
1182	0.82654351	0.5034347695
1183	0.826557368	0.5034277964
1184	0.8265652061	0.5034229845
1185	0.8265776038	0.5034169085
1186	0.8265905976	0.5034098946
1187	0.8266035914	0.5034035332
1188	0.826608032	0.5033988029
1189	0.8266180754	0.5033928492
1190	0.8266291618	0.5033868548
1191	0.8266369104	0.5033800856
1192	0.8266497254	0.5033727862
1193	0.8266565204	0.5033686676
1194	0.8266647458	0.5033621023
1195	0.8266755641	0.5033562709
1196	0.82668823	0.5033496241
1197	0.8266943693	0.5033425694
1198	0.8267109096	0.503333802
1199	0.8267202973	0.5033281338
1200	0.8267304897	0.5033235666
1201	0.826738745	0.5033195703
1202	0.8267491758	0.5033132089
1203	0.8267568648	0.5033076222
1204	0.8267620504	0.5033026473
1205	0.8267723024	0.5032951848
1206	0.826785624	0.5032884564
1207	0.8267906606	0.5032849494
1208	0.8267987072	0.5032802191
1209	0.8268111348	0.503274714
1210	0.8268194795	0.5032681895
1211	0.8268281817	0.5032632553
1212	0.8268353343	0.5032575463
1213	0.8268429935	0.503252082
1214	0.8268560767	0.5032456798
1215	0.8268683553	0.5032391144
1216	0.8268809319	0.5032311626
1217	0.8268893063	0.5032230885
1218	0.8269046545	0.5032160338
1219	0.82691589	0.5032109365
1220	0.8269293904	0.5032038411
1221	0.8269349635	0.5031982136
1222	0.8269429803	0.5031924639
1223	0.8269520998	0.5031865102
1224	0.8269589841	0.5031813314
1225	0.8269739449	0.5031745214
1226	0.8269781768	0.5031703212
1227	0.8269874752	0.5031647753
1228	0.8270010352	0.50315821
1229	0.8270124495	0.5031509514
1230	0.8270208538	0.5031456502
1231	0.8270342648	0.5031386363
1232	0.8270486593	0.503131337
1233	0.8270604014	0.5031251794
1234	0.8270682991	0.5031195112
1235	0.8270776868	0.503114577
1236	0.8270867169	0.5031100506
1237	0.827100873	0.5031012017
1238	0.8271144032	0.5030939839
1239	0.8271235824	0.5030892944
1240	0.8271377385	0.5030822397
1241	0.8271472752	0.5030771424
1242	0.8271577954	0.5030702916
1243	0.8271666169	0.5030643787
1244	0.827177465	0.5030590368
1245	0.8271946311	0.5030513704
1246	0.8272066712	0.5030456614
1247	0.8272172213	0.5030404826
1248	0.8272297084	0.5030333871
1249	0.8272436261	0.5030251906
1250	0.827255398	0.5030194409
1251	0.8272636235	0.503015363
1252	0.8272734284	0.5030091647
1253	0.8272770941	0.5030027217
1254	0.8272844553	0.5029965642
1255	0.8272930384	0.5029915892
1256	0.8272985816	0.5029861657
1257	0.8273093402	0.5029800489
1258	0.8273115754	0.5029730758
1259	0.8273271918	0.5029641453
1260	0.8273383379	0.5029578654
1261	0.8273478448	0.5029518302
1262	0.8273646832	0.5029428997
1263	0.8273768723	0.5029364159
1264	0.8273883462	0.5029297691
1265	0.827403307	0.5029225105
1266	0.827409327	0.5029192482
1267	0.8274251223	0.5029106032
1268	0.827436924	0.5029035077
1269	0.8274422586	0.5028968608
1270	0.8274586797	0.5028897246
1271	0.827470243	0.502883771
1272	0.8274776042	0.5028789591
1273	0.8274874687	0.5028734132
1274	0.8275024295	0.5028657877
1275	0.8275125027	0.5028593039
1276	0.8275250793	0.5028513521
1277	0.8275360465	0.5028450722
1278	0.8275407553	0.50283867
1279	0.8275490105	0.502831493
1280	0.8275579214	0.5028261918
1281	0.8275666535	0.5028205236
1282	0.8275837004	0.5028120417
1283	0.8276000917	0.502804253
1284	0.8276084065	0.5027993595
1285	0.827614367	0.5027956895
1286	0.8276277781	0.5027894912
1287	0.8276337087	0.5027839045
1288	0.8276431561	0.5027789703
1289	0.8276489675	0.5027740769
1290	0.8276534081	0.5027682048
1291	0.8276669383	0.5027617618
1292	0.8276796937	0.5027548703
1293	0.8276877403	0.5027502623
1294	0.8276998699	0.5027437377
1295	0.8277089298	0.5027386812
1296	0.8277164102	0.5027327276
1297	0.8277281821	0.5027263253
1298	0.8277372122	0.5027210241
1299	0.8277482688	0.5027142957
1300	0.8277591467	0.5027091576
1301	0.8277705908	0.5027025515
1302	0.8277766705	0.5026979843
1303	0.8277801275	0.5026916229
1304	0.8277918994	0.5026856692
1305	0.8277993202	0.5026817953
1306	0.8278111517	0.502675026
1307	0.8278215528	0.5026698879
1308	0.8278317451	0.5026650761
1309	0.8278462291	0.5026578583
1310	0.8278543055	0.502653128
1311	0.8278659284	0.5026472559
1312	0.8278799057	0.5026410576
1313	0.8278883994	0.5026355933
1314	0.8278954625	0.5026311892
1315	0.8279077113	0.5026232374
1316	0.8279266059	0.5026135729
1317	0.8279366791	0.5026075377
1318	0.8279461861	0.5026024404
1319	0.8279565871	0.5025967722
1320	0.8279670775	0.5025912263
1321	0.8279797435	0.5025824182
1322	0.8279905319	0.5025768315
1323	0.8280014098	0.5025706332
1324	0.8280135393	0.502564598
1325	0.8280238807	0.5025575841
1326	0.8280326128	0.5025516304
1327	0.8280435801	0.5025462477
1328	0.8280558586	0.5025401717
1329	0.8280664682	0.5025338918
1330	0.8280781806	0.5025283051
1331	0.8280838728	0.502521699
1332	0.8280963302	0.5025146851
1333	0.8281024694	0.5025090169
1334	0.8281148374	0.5025017584
1335	0.8281303048	0.5024940105
1336	0.8281445503	0.5024849169
1337	0.8281534612	0.5024792894
1338	0.8281632364	0.5024744368
1339	0.8281740546	0.5024686055
1340	0.8281831145	0.5024624887
1341	0.8281965852	0.5024560049
1342	0.8282102644	0.5024495619
1343	0.8282225728	0.5024425073
1344	0.8282364607	0.5024350448
1345	0.8282441497	0.502430233
1346	0.8282503486	0.5024261959
1347	0.8282651901	0.5024183664
1348	0.8282712996	0.50241384
1349	0.8282821476	0.5024073155
1350	0.8282960057	0.5024002608
1351	0.8283090293	0.5023927983
1352	0.8283133209	0.5023890875
1353	0.8283258379	0.5023822367
1354	0.8283373117	0.5023757937
1355	0.8283491433	0.5023680866
1356	0.8283591866	0.5023632339
1357	0.8283712268	0.5023562608
1358	0.8283851743	0.5023484314
1359	0.8283992708	0.502340765
1360	0.8284075558	0.5023363202
1361	0.8284148872	0.5023323647
1362	0.8284261227	0.5023266964
1363	0.8284381032	0.5023202535
1364	0.8284519017	0.5023129541
1365	0.8284651339	0.5023060218
1366	0.8284782171	0.502299905
1367	0.8284884691	0.5022953786
1368	0.8284928799	0.5022905667
1369	0.8285052776	0.5022838383
1370	0.8285172582	0.5022774769
1371	0.828530252	0.50227083
1372	0.8285414577	0.5022636122
1373	0.828550458	0.5022588003
1374	0.828555882	0.5022543962
1375	0.828561008	0.5022493397
1376	0.8285738826	0.5022431006
1377	0.8285851479	0.5022365353
1378	0.8285908699	0.5022318458
1379	0.8286060691	0.5022244649
1380	0.8286142945	0.5022190413
1381	0.8286227584	0.5022136993
1382	0.8286297023	0.5022085613
1383	0.8286401629	0.5022019551
1384	0.8286477625	0.5021965724
1385	0.8286567032	0.5021906187
1386	0.828668505	0.5021836048
1387	0.8286786675	0.5021771211
1388	0.8286890984	0.5021702295
1389	0.8287011981	0.5021638681
1390	0.8287099004	0.5021577921
1391	0.8287175894	0.5021522054
1392	0.828727901	0.5021463741
1393	0.8287385106	0.5021406651
1394	0.8287476897	0.5021364649
1395	0.8287576139	0.5021301443
1396	0.8287614584	0.502126515
1397	0.828769058	0.5021198681
1398	0.8287809491	0.5021130581
1399	0.8287965059	0.5021055549
1400	0.8288054764	0.5021018848
1401	0.8288110495	0.5020957273
1402	0.8288166225	0.5020897328
1403	0.8288232684	0.50208382
1404	0.8288319111	0.5020779071
1405	0.8288401961	0.5020746856
1406	0.8288532197	0.5020674678
1407	0.8288667798	0.5020611471
1408	0.8288751543	0.5020560498
1409	0.8288870752	0.5020482611
1410	0.8288924992	0.5020454066
1411	0.8289097846	0.5020366801
1412	0.8289232254	0.5020297069
1413	0.8289332092	0.5020237941
1414	0.8289434612	0.5020185744
1415	0.8289549649	0.5020129062
1416	0.8289661407	0.5020067895
1417	0.8289795816	0.5020003465
1418	0.8289889991	0.5019942705
1419	0.82899791	0.5019886838
1420	0.8290064931	0.5019837088
1421	0.8290183842	0.5019787746
1422	0.8290230632	0.5019736366
1423	0.8290330172	0.5019682538
1424	0.8290455043	0.5019624225
1425	0.8290562034	0.5019564281
1426	0.8290662766	0.501950189
1427	0.8290765584	0.5019454586
1428	0.8290866911	0.5019399943
1429	0.8290972412	0.5019325319
1430	0.8291128278	0.5019262928
1431	0.8291233778	0.5019204207
1432	0.8291368484	0.5019141
1433	0.8291434944	0.5019093289
1434	0.8291553855	0.5019032529
1435	0.8291696906	0.501895872
1436	0.82918185	0.501890734
1437	0.8291935325	0.5018838016
1438	0.8292011619	0.501877848
1439	0.8292128742	0.5018716904
1440	0.8292233348	0.5018652882
1441	0.8292322159	0.5018591714
1442	0.8292454779	0.5018526469
1443	0.8292586505	0.5018455107
1444	0.8292696178	0.5018394347
1445	0.8292797208	0.501833481
1446	0.8292871714	0.5018284245
1447	0.8292991817	0.5018221038
1448	0.8293117881	0.5018173327
1449	0.8293236196	0.5018097479
1450	0.8293329775	0.5018038758
1451	0.8293442428	0.5017987378
1452	0.8293531537	0.5017929472
1453	0.8293617368	0.5017876052
1454	0.829377234	0.5017790825
1455	0.8293898106	0.5017718648
1456	0.8293973505	0.50176795
1457	0.8294064105	0.5017634236
1458	0.8294172883	0.501758204
1459	0.8294258714	0.5017538815
1460	0.8294369578	0.5017456034
1461	0.8294546902	0.5017371623
1462	0.8294631839	0.5017325135
1463	0.8294728696	0.5017277017
1464	0.8294856548	0.5017212995
1465	0.8294943571	0.5017155089
1466	0.8295105696	0.5017071901
1467	0.8295199871	0.5017015219
1468	0.8295310438	0.501694875
1469	0.8295377195	0.5016895331
1470	0.8295517564	0.5016819483
1471	0.8295638263	0.5016766878
1472	0.8295752406	0.5016705303
1473	0.8295854926	0.5016657592
1474	0.8295956552	0.5016602133
1475	0.829605937	0.5016548306
1476	0.8296179175	0.5016488362
1477	0.8296250701	0.5016423932
1478	0.829636693	0.5016357463
1479	0.8296489716	0.5016290178
1480	0.8296564817	0.5016236758
1481	0.8296682239	0.5016172736
1482	0.8296816349	0.5016097296
1483	0.8296929002	0.5016036536
1484	0.8297072947	0.5015962727
1485	0.82971856	0.5015901967
1486	0.8297303915	0.5015842431
1487	0.8297375143	0.5015801652
1488	0.8297488689	0.5015747009
1489	0.8297554255	0.5015702561
1490	0.8297637403	0.5015648733
1491	0.8297758996	0.5015596129
1492	0.8297869563	0.5015545156
1493	0.8298025727	0.5015473793
1494	0.8298172951	0.5015399169
1495	0.8298241794	0.5015336778
1496	0.8298351169	0.501527928
1497	0.8298426867	0.501523524
1498	0.8298593163	0.5015158576
1499	0.8298664689	0.5015118205
1500	0.82987535	0.5015059484
1501	0.8298872113	0.5014989345
1502	0.829892993	0.5014928993
1503	0.8299050927	0.5014862117
1504	0.8299158812	0.5014800133
1505	0.8299282193	0.5014740597
1506	0.829939127	0.5014675759
1507	0.8299512863	0.5014608067
1508	0.829960525	0.5014546084
1509	0.8299643397	0.5014477168
1510	0.8299696445	0.5014432719
1511	0.8299753666	0.5014381746
1512	0.8299836516	0.5014326288
1513	0.8299949467	0.5014265936
1514	0.8300047219	0.5014208438
1515	0.8300147355	0.5014140746
1516	0.830022037	0.5014095482
1517	0.8300295174	0.5014050218
1518	0.8300409317	0.501400006
1519	0.8300528526	0.5013941747
1520	0.8300652206	0.5013880579
1521	0.830071032	0.5013829198
1522	0.8300845623	0.5013760283
1523	0.830094099	0.5013703601
1524	0.8301023543	0.5013642841
1525	0.8301119804	0.5013570255
1526	0.8301244378	0.5013513981
1527	0.8301334977	0.5013457707
1528	0.8301472366	0.5013396539
1529	0.8301619291	0.5013320283
1530	0.830168128	0.5013282767
1531	0.8301799297	0.5013216298
1532	0.8301908076	0.5013164509
1533	0.8302051425	0.501308336
1534	0.8302163184	0.5013013221
1535	0.8302282691	0.5012957763
1536	0.8302413523	0.5012883954
1537	0.8302500248	0.5012826048
1538	0.8302646577	0.5012759579
1539	0.8302764595	0.5012692295
1540	0.8302890956	0.5012629496
1541	0.8302948475	0.5012588718
1542	0.8303078115	0.5012518171
1543	0.8303195536	0.5012472499
1544	0.8303310871	0.5012395428
1545	0.8303400874	0.5012350571
1546	0.8303488195	0.5012286957
1547	0.8303640485	0.5012211109
1548	0.8303788602	0.5012140562
1549	0.8303929567	0.50120692
1550	0.830401361	0.5012026383
1551	0.8304159641	0.5011967662
1552	0.8304251134	0.5011911795
1553	0.8304325938	0.5011853074
1554	0.8304432631	0.5011806179
1555	0.8304496109	0.5011759692
1556	0.8304558098	0.5011717282
1557	0.8304668069	0.5011657338
